{
  "Total" : {
    "transaction" : "Total",
    "sampleCount" : 1,
    "errorCount" : 0,
    "errorPct" : 0.0,
    "meanResTime" : 716.0,
    "medianResTime" : 716.0,
    "minResTime" : 716.0,
    "maxResTime" : 716.0,
    "pct1ResTime" : 716.0,
    "pct2ResTime" : 716.0,
    "pct3ResTime" : 716.0,
    "throughput" : 1.3966480446927374,
    "receivedKBytesPerSec" : 225.99783956005587,
    "sentKBytesPerSec" : 0.16094186452513967
  },
  "HTTP リクエスト" : {
    "transaction" : "HTTP リクエスト",
    "sampleCount" : 1,
    "errorCount" : 0,
    "errorPct" : 0.0,
    "meanResTime" : 716.0,
    "medianResTime" : 716.0,
    "minResTime" : 716.0,
    "maxResTime" : 716.0,
    "pct1ResTime" : 716.0,
    "pct2ResTime" : 716.0,
    "pct3ResTime" : 716.0,
    "throughput" : 1.3966480446927374,
    "receivedKBytesPerSec" : 225.99783956005587,
    "sentKBytesPerSec" : 0.16094186452513967
  }
}